CC / 7-bit value,Direct log multiplier,Nudged multiplier,Musical value,Nudge vs direct (%)
0,0.25,0.25,1/64,0.0
1,0.2546020233185255,,,
2,0.25928876111154797,,,
3,0.2640617728110157,,,
4,0.2689226465550456,,,
5,0.27387299971634926,,,
6,0.2789144794403859,,,
7,0.28404876319342215,,,
8,0.28927755932067994,,,
9,0.2946026076147596,,,
10,0.3000256798945258,,,
11,0.30554858059465007,,,
12,0.3111731473660058,,,
13,0.31690125168711514,,,
14,0.32273479948685124,,,
15,0.32867573177860376,,,
16,0.33472602530611806,0.3333333333333333,1/32 triplet,-0.41606922303429883
17,0.3408876932012225,,,
18,0.34716278565366404,,,
19,0.3535533905932738,,,
20,0.36006163438468974,,,
21,0.3666896825348687,,,
22,0.37343974041362143,,,
23,0.3803140539874118,,,
24,0.3873149105666639,,,
25,0.3944446395668256,,,
26,0.40170561328344123,,,
27,0.4091002476814931,,,
28,0.41663100319927227,,,
29,0.4243003855670472,,,
30,0.4321109466408028,,,
31,0.4400652852513272,,,
32,0.4481660480689279,,,
33,0.4564159304840664,,,
34,0.46481767750420316,,,
35,0.473374084667152,,,
36,0.48208799897124754,,,
37,0.49096231982263544,,,
38,0.5,0.5,1/32,0.0
39,0.509204046637051,,,
40,0.5185775222230959,,,
41,0.5281235456220315,,,
42,0.5378452931100913,,,
43,0.5477459994326985,,,
44,0.5578289588807719,,,
45,0.5680975263868442,,,
46,0.5785551186413599,,,
47,0.5892052152295192,,,
48,0.6000513597890514,,,
49,0.6110971611893001,,,
50,0.6223462947320118,,,
51,0.6338025033742303,,,
52,0.6454695989737025,,,
53,0.6573514635572075,,,
54,0.6694520506122361,0.6666666666666666,1/16 triplet,-0.41606922303429883
55,0.681775386402445,,,
56,0.6943255713073281,,,
57,0.7071067811865476,,,
58,0.7201232687693796,,,
59,0.7333793650697374,,,
60,0.7468794808272429,0.75,dotted 1/32,0.4178075918354063
61,0.7606281079748236,,,
62,0.7746298211333278,,,
63,0.7888892791336511,,,
64,0.8034112265668824,,,
65,0.8182004953629862,,,
66,0.8332620063985445,,,
67,0.8486007711340943,,,
68,0.8642218932816056,,,
69,0.8801305705026544,,,
70,0.8963320961378558,,,
71,0.9128318609681328,,,
72,0.9296353550084062,,,
73,0.946748169334304,,,
74,0.9641759979424951,,,
75,0.9819246396452709,,,
76,1.0,1.0,1/16,0.0
77,1.0416160106505838,,,
78,1.084963913643637,,,
79,1.1301157834293298,,,
80,1.1771466939089177,,,
81,1.2261348432599308,,,
82,1.277161683956088,,,
83,1.330312058198122,1.3333333333333333,1/8 triplet,0.22711025707031762
84,1.3856743389806951,,,
85,1.4433405770299566,,,
86,1.5034066538560549,1.5,dotted 1/16,-0.22659563514084713
87,1.565972441175087,,,
88,1.6311419669655502,,,
89,1.6990235884354028,,,
90,1.7697301721873238,,,
91,1.843379281881731,,,
92,1.9200933737095864,,,
93,2.0,2.0,1/8,0.0
94,2.0832320213011677,,,
95,2.169927827287274,,,
96,2.2602315668586597,,,
97,2.3542933878178354,,,
98,2.4522696865198617,,,
99,2.554323367912176,,,
100,2.660624116396244,2.6666666666666665,1/4 triplet,0.22711025707031762
101,2.7713486779613903,,,
102,2.8866811540599127,,,
103,3.0068133077121098,3.0,dotted 1/8,-0.22659563514084713
104,3.1319448823501745,,,
105,3.2622839339311,,,
106,3.3980471768708056,,,
107,3.539460344374647,,,
108,3.6867585637634614,,,
109,3.8401867474191733,,,
110,3.9999999999999996,4.0,1/4,2.220446049250313e-14
111,4.166464042602335,,,
112,4.339855654574549,,,
113,4.520463133717319,,,
114,4.708586775635671,,,
115,4.904539373039722,,,
116,5.108646735824352,,,
117,5.321248232792488,,,
118,5.542697355922781,,,
119,5.773362308119826,,,
120,6.01362661542422,6.0,dotted 1/4,-0.22659563514085823
121,6.263889764700348,,,
122,6.524567867862201,,,
123,6.79609435374161,,,
124,7.078920688749294,,,
125,7.373517127526924,,,
126,7.680373494838345,,,
127,8.0,8.0,1/2,0.0
